{
    "O_co2": {
        "sigma": 3.05000,
        "epsilon": 79.000000
    },
    "C_co2": {
        "sigma": 2.80000,
        "epsilon": 27.000000
    }
}